<?xml version="1.0" encoding="utf-8"?>
<!DOCTYPE hibernate-configuration PUBLIC
"-//Hibernate/Hibernate Configuration DTD 3.0//EN"
"http://hibernate.sourceforge.net/hibernate-configuration-3.0.dtd">
<hibernate-configuration>
	<session-factory>
		<property name="hibernate.archive.autodetection">class,hbm</property>
		<property name="hibernate.dialect">org.hibernate.dialect.HSQLDialect</property>
		<property name="hibernate.show_sql">true</property>
		<property name="hibernate.connection.driver_class">org.hsqldb.jdbcDriver</property>
		<property name="hibernate.connection.username">sa</property>
		<property name="hibernate.connection.password"></property>
		<property name="hibernate.connection.url">jdbc:hsqldb:mem:howtodoinjava</property>
		<property name="hibernate.hbm2ddl.auto">create</property>
		
		<property name="hibernate.c3p0.min_size">5</property>
		<property name="hibernate.c3p0.max_size">20</property>
		<property name="hibernate.c3p0.acquire_increment">2</property>
		<property name="hibernate.c3p0.acquire_increment">1800</property>
		<property name="hibernate.c3p0.max_statements">150</property>
	</session-factory>
</hibernate-configuration>